<?xml version="1.0" encoding="UTF-8"?>

<beans xmlns="http://www.springframework.org/schema/beans"
	xmlns:xsi="http://www.w3.org/2001/XMLSchema-instance" xmlns:p="http://www.springframework.org/schema/p"
	xmlns:context="http://www.springframework.org/schema/context"
	xmlns:mvc="http://www.springframework.org/schema/mvc" xmlns:task="http://www.springframework.org/schema/task"
	xsi:schemaLocation="
	http://www.springframework.org/schema/beans
	http://www.springframework.org/schema/beans/spring-beans-3.0.xsd
	http://www.springframework.org/schema/context
	http://www.springframework.org/schema/context/spring-context-3.0.xsd
	http://www.springframework.org/schema/mvc
	http://www.springframework.org/schema/mvc/spring-mvc-3.0.xsd
	http://www.springframework.org/schema/task http://www.springframework.org/schema/task/spring-task-3.0.xsd
	">


	<task:annotation-driven executor="executorWithPoolSizeRange" />

	<task:executor id="executorWithPoolSizeRange" pool-size="5-25"
		queue-capacity="500" />

	<!-- Enable annotation driven controllers, validation etc... -->

	<mvc:annotation-driven />
	<context:component-scan base-package="com.ghoomo.sandwich.controller" />
	<mvc:resources mapping="/resources/**" location="/resources/" />

	<bean id="viewResolver"
		class="org.springframework.web.servlet.view.InternalResourceViewResolver">

		<property name="prefix">
			<value>/WEB-INF/views/</value>
		</property>
		<property name="suffix">
			<value>.jsp</value>
		</property>
	</bean>


	<!-- <bean id="propertyConfigurer" class="com.thebasics.msgclub.utils.PropertiesUtil"> 
		<property name="locations"> <list> <value>WEB-INF/queryes123.properties</value> 
		<value>WEB-INF/forms.properties</value> <value>WEB-INF/applicationConstants.properties</value> 
		</list> </property> </bean> -->

	<!-- Configure the multipart resolver -->
	<!-- <bean id="multipartResolver" class="org.springframework.web.multipart.commons.CommonsMultipartResolver"> 
		</bean> -->




	<bean id="dataSource" class="org.apache.commons.dbcp.BasicDataSource"
		destroy-method="close">
		<property name="driverClassName" value="com.mysql.jdbc.Driver" />
		<property name="url"
			value="jdbc:mysql://localhost:3306/homedecore?autoReconnect=true&amp;useUnicode=yes&amp;characterEncoding=UTF-8&amp;useServerPrepStmts=false&amp;rewriteBatchedStatements=true" />

		<property name="username" value="root" />
		<property name="password" value="" />

<!-- 		<property name="username" value="msgclub" /> -->
<!-- 		<property name="password" value="TFX7@SMG@234" /> -->

		<property name="maxActive" value="-1" />
		<property name="initialSize" value="10" />
		<property name="maxWait" value="180000" />
		<property name="maxIdle" value="30" />
		<property name="minIdle" value="0" />
		<!-- <property name="removeAbandoned" value="true" /> <property name="removeAbandonedTimeout" 
			value="300" /> -->
		<property name="validationQuery" value="Select 1" />
		<property name="testOnBorrow" value="true" />


		<property name="minEvictableIdleTimeMillis" value="900000" />
		<property name="timeBetweenEvictionRunsMillis" value="900000" />
		<property name="numTestsPerEvictionRun" value="3" />
		<property name="testWhileIdle" value="true" />
		<property name="testOnReturn" value="false" />
	</bean>

	

<!-- 	<bean id="userDAO" class="com.thebasics.newapp.daoImpl.UserDAOImpl"> -->
<!-- 		<property name="dataSource" ref="dataSource"></property> -->
<!-- 	</bean> -->

<!-- 	<bean id="userService" class="com.thebasics.newapp.serviceImpl.UserServiceImpl"></bean> -->

<!-- 	<bean id="newsDAO" class="com.thebasics.newapp.daoImpl.NewsDAOImpl"> -->
<!-- 		<property name="dataSource" ref="dataSource"></property> -->
<!-- 	</bean> -->

<!-- 	<bean id="newsService" class="com.thebasics.newapp.serviceImpl.NewsServiceImpl"></bean> -->

<!-- 	<bean id="apiSettingService" class="com.thebasics.newapp.serviceImpl.ApiSettingServiceImpl"></bean> -->

<!-- 	<bean id="apiSettingDao" class="com.thebasics.newapp.daoImpl.ApiSettingDaoImpl"> -->
<!-- 		<property name="dataSource" ref="dataSource"></property> -->
<!-- 	</bean> -->

<!-- 	<bean id="enterpriseDAO" class="com.thebasics.newapp.daoImpl.EnterpriseDAOImpl" -->
<!-- 		scope="prototype"> -->
<!-- 		<property name="dataSource" ref="dataSource" /> -->
<!-- 	</bean> -->

<!-- 	<bean id="utilityService" class="com.thebasics.newapp.serviceImpl.UtilityServiceImp" -->
<!-- 		scope="prototype"> -->
<!-- 	</bean> -->

<!-- 	<bean id="userTimingDAO" class="com.thebasics.newapp.daoImpl.UserTimingDAOImpl" -->
<!-- 		scope="prototype"> -->
<!-- 		<property name="dataSource" ref="dataSource" /> -->
<!-- 	</bean> -->
</beans>
	 